Place Name,Day,Aria Label
Clementi Mall,Sunday,0% busy at 6 am.
Clementi Mall,Sunday,0% busy at 7 am.
Clementi Mall,Sunday,0% busy at 8 am.
Clementi Mall,Sunday,0% busy at 9 am.
Clementi Mall,Sunday,53% busy at 10 am.
Clementi Mall,Sunday,68% busy at 11 am.
Clementi Mall,Sunday,77% busy at 12 pm.
Clementi Mall,Sunday,82% busy at 1 pm.
Clementi Mall,Sunday,82% busy at 2 pm.
Clementi Mall,Sunday,81% busy at 3 pm.
Clementi Mall,Sunday,84% busy at 4 pm.
Clementi Mall,Sunday,"Currently 80% busy, usually 89% busy."
Clementi Mall,Sunday,91% busy at 6 pm.
Clementi Mall,Sunday,83% busy at 7 pm.
Clementi Mall,Sunday,66% busy at 8 pm.
Clementi Mall,Sunday,45% busy at 9 pm.
Clementi Mall,Sunday,0% busy at 10 pm.
Clementi Mall,Sunday,0% busy at 11 pm.
Clementi Mall,Monday,0% busy at 6 am.
Clementi Mall,Monday,0% busy at 7 am.
Clementi Mall,Monday,0% busy at 8 am.
Clementi Mall,Monday,0% busy at 9 am.
Clementi Mall,Monday,40% busy at 10 am.
Clementi Mall,Monday,53% busy at 11 am.
Clementi Mall,Monday,63% busy at 12 pm.
Clementi Mall,Monday,66% busy at 1 pm.
Clementi Mall,Monday,62% busy at 2 pm.
Clementi Mall,Monday,62% busy at 3 pm.
Clementi Mall,Monday,69% busy at 4 pm.
Clementi Mall,Monday,82% busy at 5 pm.
Clementi Mall,Monday,92% busy at 6 pm.
Clementi Mall,Monday,85% busy at 7 pm.
Clementi Mall,Monday,66% busy at 8 pm.
Clementi Mall,Monday,43% busy at 9 pm.
Clementi Mall,Monday,0% busy at 10 pm.
Clementi Mall,Monday,0% busy at 11 pm.
Clementi Mall,Tuesday,0% busy at 6 am.
Clementi Mall,Tuesday,0% busy at 7 am.
Clementi Mall,Tuesday,0% busy at 8 am.
Clementi Mall,Tuesday,0% busy at 9 am.
Clementi Mall,Tuesday,42% busy at 10 am.
Clementi Mall,Tuesday,54% busy at 11 am.
Clementi Mall,Tuesday,64% busy at 12 pm.
Clementi Mall,Tuesday,66% busy at 1 pm.
Clementi Mall,Tuesday,63% busy at 2 pm.
Clementi Mall,Tuesday,62% busy at 3 pm.
Clementi Mall,Tuesday,70% busy at 4 pm.
Clementi Mall,Tuesday,84% busy at 5 pm.
Clementi Mall,Tuesday,97% busy at 6 pm.
Clementi Mall,Tuesday,91% busy at 7 pm.
Clementi Mall,Tuesday,71% busy at 8 pm.
Clementi Mall,Tuesday,46% busy at 9 pm.
Clementi Mall,Tuesday,0% busy at 10 pm.
Clementi Mall,Tuesday,0% busy at 11 pm.
Clementi Mall,Wednesday,0% busy at 6 am.
Clementi Mall,Wednesday,0% busy at 7 am.
Clementi Mall,Wednesday,0% busy at 8 am.
Clementi Mall,Wednesday,0% busy at 9 am.
Clementi Mall,Wednesday,42% busy at 10 am.
Clementi Mall,Wednesday,54% busy at 11 am.
Clementi Mall,Wednesday,64% busy at 12 pm.
Clementi Mall,Wednesday,67% busy at 1 pm.
Clementi Mall,Wednesday,64% busy at 2 pm.
Clementi Mall,Wednesday,64% busy at 3 pm.
Clementi Mall,Wednesday,71% busy at 4 pm.
Clementi Mall,Wednesday,86% busy at 5 pm.
Clementi Mall,Wednesday,100% busy at 6 pm.
Clementi Mall,Wednesday,94% busy at 7 pm.
Clementi Mall,Wednesday,74% busy at 8 pm.
Clementi Mall,Wednesday,48% busy at 9 pm.
Clementi Mall,Wednesday,0% busy at 10 pm.
Clementi Mall,Wednesday,0% busy at 11 pm.
Clementi Mall,Thursday,0% busy at 6 am.
Clementi Mall,Thursday,0% busy at 7 am.
Clementi Mall,Thursday,0% busy at 8 am.
Clementi Mall,Thursday,0% busy at 9 am.
Clementi Mall,Thursday,42% busy at 10 am.
Clementi Mall,Thursday,55% busy at 11 am.
Clementi Mall,Thursday,65% busy at 12 pm.
Clementi Mall,Thursday,68% busy at 1 pm.
Clementi Mall,Thursday,65% busy at 2 pm.
Clementi Mall,Thursday,64% busy at 3 pm.
Clementi Mall,Thursday,71% busy at 4 pm.
Clementi Mall,Thursday,85% busy at 5 pm.
Clementi Mall,Thursday,97% busy at 6 pm.
Clementi Mall,Thursday,91% busy at 7 pm.
Clementi Mall,Thursday,72% busy at 8 pm.
Clementi Mall,Thursday,48% busy at 9 pm.
Clementi Mall,Thursday,0% busy at 10 pm.
Clementi Mall,Thursday,0% busy at 11 pm.
Clementi Mall,Friday,0% busy at 6 am.
Clementi Mall,Friday,0% busy at 7 am.
Clementi Mall,Friday,0% busy at 8 am.
Clementi Mall,Friday,0% busy at 9 am.
Clementi Mall,Friday,42% busy at 10 am.
Clementi Mall,Friday,56% busy at 11 am.
Clementi Mall,Friday,68% busy at 12 pm.
Clementi Mall,Friday,72% busy at 1 pm.
Clementi Mall,Friday,68% busy at 2 pm.
Clementi Mall,Friday,66% busy at 3 pm.
Clementi Mall,Friday,72% busy at 4 pm.
Clementi Mall,Friday,84% busy at 5 pm.
Clementi Mall,Friday,94% busy at 6 pm.
Clementi Mall,Friday,89% busy at 7 pm.
Clementi Mall,Friday,73% busy at 8 pm.
Clementi Mall,Friday,51% busy at 9 pm.
Clementi Mall,Friday,0% busy at 10 pm.
Clementi Mall,Friday,0% busy at 11 pm.
Clementi Mall,Saturday,0% busy at 6 am.
Clementi Mall,Saturday,0% busy at 7 am.
Clementi Mall,Saturday,0% busy at 8 am.
Clementi Mall,Saturday,0% busy at 9 am.
Clementi Mall,Saturday,50% busy at 10 am.
Clementi Mall,Saturday,66% busy at 11 am.
Clementi Mall,Saturday,77% busy at 12 pm.
Clementi Mall,Saturday,81% busy at 1 pm.
Clementi Mall,Saturday,79% busy at 2 pm.
Clementi Mall,Saturday,76% busy at 3 pm.
Clementi Mall,Saturday,77% busy at 4 pm.
Clementi Mall,Saturday,81% busy at 5 pm.
Clementi Mall,Saturday,84% busy at 6 pm.
Clementi Mall,Saturday,79% busy at 7 pm.
Clementi Mall,Saturday,67% busy at 8 pm.
Clementi Mall,Saturday,48% busy at 9 pm.
Clementi Mall,Saturday,0% busy at 10 pm.
Clementi Mall,Saturday,0% busy at 11 pm.
VivoCity,Sunday,0% busy at 6 am.
VivoCity,Sunday,0% busy at 7 am.
VivoCity,Sunday,0% busy at 8 am.
VivoCity,Sunday,0% busy at 9 am.
VivoCity,Sunday,0% busy at 10 am.
VivoCity,Sunday,19% busy at 11 am.
VivoCity,Sunday,34% busy at 12 pm.
VivoCity,Sunday,45% busy at 1 pm.
VivoCity,Sunday,48% busy at 2 pm.
VivoCity,Sunday,50% busy at 3 pm.
VivoCity,Sunday,54% busy at 4 pm.
VivoCity,Sunday,"Currently 78% busy, usually 63% busy."
VivoCity,Sunday,70% busy at 6 pm.
VivoCity,Sunday,69% busy at 7 pm.
VivoCity,Sunday,56% busy at 8 pm.
VivoCity,Sunday,35% busy at 9 pm.
VivoCity,Sunday,18% busy at 10 pm.
VivoCity,Sunday,0% busy at 11 pm.
VivoCity,Monday,0% busy at 6 am.
VivoCity,Monday,0% busy at 7 am.
VivoCity,Monday,0% busy at 8 am.
VivoCity,Monday,0% busy at 9 am.
VivoCity,Monday,0% busy at 10 am.
VivoCity,Monday,19% busy at 11 am.
VivoCity,Monday,31% busy at 12 pm.
VivoCity,Monday,36% busy at 1 pm.
VivoCity,Monday,35% busy at 2 pm.
VivoCity,Monday,32% busy at 3 pm.
VivoCity,Monday,25% busy at 4 pm.
VivoCity,Monday,28% busy at 5 pm.
VivoCity,Monday,32% busy at 6 pm.
VivoCity,Monday,40% busy at 7 pm.
VivoCity,Monday,34% busy at 8 pm.
VivoCity,Monday,26% busy at 9 pm.
VivoCity,Monday,16% busy at 10 pm.
VivoCity,Monday,0% busy at 11 pm.
VivoCity,Tuesday,0% busy at 6 am.
VivoCity,Tuesday,0% busy at 7 am.
VivoCity,Tuesday,0% busy at 8 am.
VivoCity,Tuesday,0% busy at 9 am.
VivoCity,Tuesday,0% busy at 10 am.
VivoCity,Tuesday,19% busy at 11 am.
VivoCity,Tuesday,28% busy at 12 pm.
VivoCity,Tuesday,31% busy at 1 pm.
VivoCity,Tuesday,28% busy at 2 pm.
VivoCity,Tuesday,27% busy at 3 pm.
VivoCity,Tuesday,29% busy at 4 pm.
VivoCity,Tuesday,31% busy at 5 pm.
VivoCity,Tuesday,42% busy at 6 pm.
VivoCity,Tuesday,50% busy at 7 pm.
VivoCity,Tuesday,52% busy at 8 pm.
VivoCity,Tuesday,35% busy at 9 pm.
VivoCity,Tuesday,16% busy at 10 pm.
VivoCity,Tuesday,0% busy at 11 pm.
VivoCity,Wednesday,0% busy at 6 am.
VivoCity,Wednesday,0% busy at 7 am.
VivoCity,Wednesday,0% busy at 8 am.
VivoCity,Wednesday,0% busy at 9 am.
VivoCity,Wednesday,0% busy at 10 am.
VivoCity,Wednesday,19% busy at 11 am.
VivoCity,Wednesday,34% busy at 12 pm.
VivoCity,Wednesday,39% busy at 1 pm.
VivoCity,Wednesday,35% busy at 2 pm.
VivoCity,Wednesday,25% busy at 3 pm.
VivoCity,Wednesday,27% busy at 4 pm.
VivoCity,Wednesday,34% busy at 5 pm.
VivoCity,Wednesday,54% busy at 6 pm.
VivoCity,Wednesday,66% busy at 7 pm.
VivoCity,Wednesday,64% busy at 8 pm.
VivoCity,Wednesday,47% busy at 9 pm.
VivoCity,Wednesday,24% busy at 10 pm.
VivoCity,Wednesday,0% busy at 11 pm.
VivoCity,Thursday,0% busy at 6 am.
VivoCity,Thursday,0% busy at 7 am.
VivoCity,Thursday,0% busy at 8 am.
VivoCity,Thursday,0% busy at 9 am.
VivoCity,Thursday,0% busy at 10 am.
VivoCity,Thursday,17% busy at 11 am.
VivoCity,Thursday,31% busy at 12 pm.
VivoCity,Thursday,35% busy at 1 pm.
VivoCity,Thursday,29% busy at 2 pm.
VivoCity,Thursday,23% busy at 3 pm.
VivoCity,Thursday,25% busy at 4 pm.
VivoCity,Thursday,39% busy at 5 pm.
VivoCity,Thursday,60% busy at 6 pm.
VivoCity,Thursday,70% busy at 7 pm.
VivoCity,Thursday,63% busy at 8 pm.
VivoCity,Thursday,43% busy at 9 pm.
VivoCity,Thursday,25% busy at 10 pm.
VivoCity,Thursday,0% busy at 11 pm.
VivoCity,Friday,0% busy at 6 am.
VivoCity,Friday,0% busy at 7 am.
VivoCity,Friday,0% busy at 8 am.
VivoCity,Friday,0% busy at 9 am.
VivoCity,Friday,0% busy at 10 am.
VivoCity,Friday,28% busy at 11 am.
VivoCity,Friday,43% busy at 12 pm.
VivoCity,Friday,46% busy at 1 pm.
VivoCity,Friday,38% busy at 2 pm.
VivoCity,Friday,35% busy at 3 pm.
VivoCity,Friday,35% busy at 4 pm.
VivoCity,Friday,48% busy at 5 pm.
VivoCity,Friday,71% busy at 6 pm.
VivoCity,Friday,87% busy at 7 pm.
VivoCity,Friday,89% busy at 8 pm.
VivoCity,Friday,72% busy at 9 pm.
VivoCity,Friday,46% busy at 10 pm.
VivoCity,Friday,25% busy at 11 pm.
VivoCity,Saturday,0% busy at 6 am.
VivoCity,Saturday,0% busy at 7 am.
VivoCity,Saturday,0% busy at 8 am.
VivoCity,Saturday,0% busy at 9 am.
VivoCity,Saturday,0% busy at 10 am.
VivoCity,Saturday,18% busy at 11 am.
VivoCity,Saturday,28% busy at 12 pm.
VivoCity,Saturday,39% busy at 1 pm.
VivoCity,Saturday,41% busy at 2 pm.
VivoCity,Saturday,43% busy at 3 pm.
VivoCity,Saturday,49% busy at 4 pm.
VivoCity,Saturday,68% busy at 5 pm.
VivoCity,Saturday,88% busy at 6 pm.
VivoCity,Saturday,100% busy at 7 pm.
VivoCity,Saturday,86% busy at 8 pm.
VivoCity,Saturday,60% busy at 9 pm.
VivoCity,Saturday,32% busy at 10 pm.
VivoCity,Saturday,15% busy at 11 pm.
Clarke Quay,Sunday,0% busy at 6 am.
Clarke Quay,Sunday,0% busy at 7 am.
Clarke Quay,Sunday,0% busy at 8 am.
Clarke Quay,Sunday,0% busy at 9 am.
Clarke Quay,Sunday,0% busy at 10 am.
Clarke Quay,Sunday,2% busy at 11 am.
Clarke Quay,Sunday,8% busy at 12 pm.
Clarke Quay,Sunday,20% busy at 1 pm.
Clarke Quay,Sunday,42% busy at 2 pm.
Clarke Quay,Sunday,42% busy at 3 pm.
Clarke Quay,Sunday,65% busy at 4 pm.
Clarke Quay,Sunday,"Currently 56% busy, usually 100% busy."
Clarke Quay,Sunday,82% busy at 6 pm.
Clarke Quay,Sunday,48% busy at 7 pm.
Clarke Quay,Sunday,34% busy at 8 pm.
Clarke Quay,Sunday,0% busy at 9 pm.
Clarke Quay,Sunday,0% busy at 10 pm.
Clarke Quay,Sunday,0% busy at 11 pm.
Clarke Quay,Monday,0% busy at 6 am.
Clarke Quay,Monday,0% busy at 7 am.
Clarke Quay,Monday,0% busy at 8 am.
Clarke Quay,Monday,0% busy at 9 am.
Clarke Quay,Monday,0% busy at 10 am.
Clarke Quay,Monday,82% busy at 11 am.
Clarke Quay,Monday,57% busy at 12 pm.
Clarke Quay,Monday,71% busy at 1 pm.
Clarke Quay,Monday,37% busy at 2 pm.
Clarke Quay,Monday,40% busy at 3 pm.
Clarke Quay,Monday,31% busy at 4 pm.
Clarke Quay,Monday,48% busy at 5 pm.
Clarke Quay,Monday,54% busy at 6 pm.
Clarke Quay,Monday,34% busy at 7 pm.
Clarke Quay,Monday,25% busy at 8 pm.
Clarke Quay,Monday,0% busy at 9 pm.
Clarke Quay,Monday,0% busy at 10 pm.
Clarke Quay,Monday,0% busy at 11 pm.
Clarke Quay,Tuesday,0% busy at 6 am.
Clarke Quay,Tuesday,0% busy at 7 am.
Clarke Quay,Tuesday,0% busy at 8 am.
Clarke Quay,Tuesday,0% busy at 9 am.
Clarke Quay,Tuesday,0% busy at 10 am.
Clarke Quay,Tuesday,22% busy at 11 am.
Clarke Quay,Tuesday,22% busy at 12 pm.
Clarke Quay,Tuesday,8% busy at 1 pm.
Clarke Quay,Tuesday,5% busy at 2 pm.
Clarke Quay,Tuesday,0% busy at 3 pm.
Clarke Quay,Tuesday,2% busy at 4 pm.
Clarke Quay,Tuesday,0% busy at 5 pm.
Clarke Quay,Tuesday,0% busy at 6 pm.
Clarke Quay,Tuesday,2% busy at 7 pm.
Clarke Quay,Tuesday,14% busy at 8 pm.
Clarke Quay,Tuesday,0% busy at 9 pm.
Clarke Quay,Tuesday,0% busy at 10 pm.
Clarke Quay,Tuesday,0% busy at 11 pm.
Clarke Quay,Wednesday,0% busy at 6 am.
Clarke Quay,Wednesday,0% busy at 7 am.
Clarke Quay,Wednesday,0% busy at 8 am.
Clarke Quay,Wednesday,0% busy at 9 am.
Clarke Quay,Wednesday,0% busy at 10 am.
Clarke Quay,Wednesday,31% busy at 11 am.
Clarke Quay,Wednesday,31% busy at 12 pm.
Clarke Quay,Wednesday,11% busy at 1 pm.
Clarke Quay,Wednesday,8% busy at 2 pm.
Clarke Quay,Wednesday,17% busy at 3 pm.
Clarke Quay,Wednesday,20% busy at 4 pm.
Clarke Quay,Wednesday,34% busy at 5 pm.
Clarke Quay,Wednesday,22% busy at 6 pm.
Clarke Quay,Wednesday,20% busy at 7 pm.
Clarke Quay,Wednesday,17% busy at 8 pm.
Clarke Quay,Wednesday,0% busy at 9 pm.
Clarke Quay,Wednesday,0% busy at 10 pm.
Clarke Quay,Wednesday,0% busy at 11 pm.
Clarke Quay,Thursday,0% busy at 6 am.
Clarke Quay,Thursday,0% busy at 7 am.
Clarke Quay,Thursday,0% busy at 8 am.
Clarke Quay,Thursday,0% busy at 9 am.
Clarke Quay,Thursday,0% busy at 10 am.
Clarke Quay,Thursday,8% busy at 11 am.
Clarke Quay,Thursday,0% busy at 12 pm.
Clarke Quay,Thursday,2% busy at 1 pm.
Clarke Quay,Thursday,17% busy at 2 pm.
Clarke Quay,Thursday,28% busy at 3 pm.
Clarke Quay,Thursday,51% busy at 4 pm.
Clarke Quay,Thursday,42% busy at 5 pm.
Clarke Quay,Thursday,20% busy at 6 pm.
Clarke Quay,Thursday,8% busy at 7 pm.
Clarke Quay,Thursday,8% busy at 8 pm.
Clarke Quay,Thursday,0% busy at 9 pm.
Clarke Quay,Thursday,0% busy at 10 pm.
Clarke Quay,Thursday,0% busy at 11 pm.
Clarke Quay,Friday,0% busy at 6 am.
Clarke Quay,Friday,0% busy at 7 am.
Clarke Quay,Friday,0% busy at 8 am.
Clarke Quay,Friday,0% busy at 9 am.
Clarke Quay,Friday,0% busy at 10 am.
Clarke Quay,Friday,74% busy at 11 am.
Clarke Quay,Friday,60% busy at 12 pm.
Clarke Quay,Friday,42% busy at 1 pm.
Clarke Quay,Friday,42% busy at 2 pm.
Clarke Quay,Friday,54% busy at 3 pm.
Clarke Quay,Friday,54% busy at 4 pm.
Clarke Quay,Friday,40% busy at 5 pm.
Clarke Quay,Friday,40% busy at 6 pm.
Clarke Quay,Friday,17% busy at 7 pm.
Clarke Quay,Friday,8% busy at 8 pm.
Clarke Quay,Friday,0% busy at 9 pm.
Clarke Quay,Friday,0% busy at 10 pm.
Clarke Quay,Friday,0% busy at 11 pm.
Clarke Quay,Saturday,0% busy at 6 am.
Clarke Quay,Saturday,0% busy at 7 am.
Clarke Quay,Saturday,0% busy at 8 am.
Clarke Quay,Saturday,0% busy at 9 am.
Clarke Quay,Saturday,0% busy at 10 am.
Clarke Quay,Saturday,31% busy at 11 am.
Clarke Quay,Saturday,54% busy at 12 pm.
Clarke Quay,Saturday,94% busy at 1 pm.
Clarke Quay,Saturday,65% busy at 2 pm.
Clarke Quay,Saturday,42% busy at 3 pm.
Clarke Quay,Saturday,25% busy at 4 pm.
Clarke Quay,Saturday,11% busy at 5 pm.
Clarke Quay,Saturday,11% busy at 6 pm.
Clarke Quay,Saturday,11% busy at 7 pm.
Clarke Quay,Saturday,25% busy at 8 pm.
Clarke Quay,Saturday,17% busy at 9 pm.
Clarke Quay,Saturday,0% busy at 10 pm.
Clarke Quay,Saturday,0% busy at 11 pm.
Suntec City,Sunday,0% busy at 6 am.
Suntec City,Sunday,0% busy at 7 am.
Suntec City,Sunday,0% busy at 8 am.
Suntec City,Sunday,0% busy at 9 am.
Suntec City,Sunday,37% busy at 10 am.
Suntec City,Sunday,52% busy at 11 am.
Suntec City,Sunday,65% busy at 12 pm.
Suntec City,Sunday,73% busy at 1 pm.
Suntec City,Sunday,77% busy at 2 pm.
Suntec City,Sunday,78% busy at 3 pm.
Suntec City,Sunday,77% busy at 4 pm.
Suntec City,Sunday,"Currently 96% busy, usually 76% busy."
Suntec City,Sunday,72% busy at 6 pm.
Suntec City,Sunday,63% busy at 7 pm.
Suntec City,Sunday,49% busy at 8 pm.
Suntec City,Sunday,34% busy at 9 pm.
Suntec City,Sunday,0% busy at 10 pm.
Suntec City,Sunday,0% busy at 11 pm.
Suntec City,Monday,0% busy at 6 am.
Suntec City,Monday,0% busy at 7 am.
Suntec City,Monday,0% busy at 8 am.
Suntec City,Monday,0% busy at 9 am.
Suntec City,Monday,18% busy at 10 am.
Suntec City,Monday,27% busy at 11 am.
Suntec City,Monday,35% busy at 12 pm.
Suntec City,Monday,37% busy at 1 pm.
Suntec City,Monday,33% busy at 2 pm.
Suntec City,Monday,29% busy at 3 pm.
Suntec City,Monday,27% busy at 4 pm.
Suntec City,Monday,29% busy at 5 pm.
Suntec City,Monday,31% busy at 6 pm.
Suntec City,Monday,30% busy at 7 pm.
Suntec City,Monday,26% busy at 8 pm.
Suntec City,Monday,19% busy at 9 pm.
Suntec City,Monday,0% busy at 10 pm.
Suntec City,Monday,0% busy at 11 pm.
Suntec City,Tuesday,0% busy at 6 am.
Suntec City,Tuesday,0% busy at 7 am.
Suntec City,Tuesday,0% busy at 8 am.
Suntec City,Tuesday,0% busy at 9 am.
Suntec City,Tuesday,22% busy at 10 am.
Suntec City,Tuesday,31% busy at 11 am.
Suntec City,Tuesday,41% busy at 12 pm.
Suntec City,Tuesday,42% busy at 1 pm.
Suntec City,Tuesday,38% busy at 2 pm.
Suntec City,Tuesday,34% busy at 3 pm.
Suntec City,Tuesday,32% busy at 4 pm.
Suntec City,Tuesday,34% busy at 5 pm.
Suntec City,Tuesday,36% busy at 6 pm.
Suntec City,Tuesday,36% busy at 7 pm.
Suntec City,Tuesday,31% busy at 8 pm.
Suntec City,Tuesday,23% busy at 9 pm.
Suntec City,Tuesday,0% busy at 10 pm.
Suntec City,Tuesday,0% busy at 11 pm.
Suntec City,Wednesday,0% busy at 6 am.
Suntec City,Wednesday,0% busy at 7 am.
Suntec City,Wednesday,0% busy at 8 am.
Suntec City,Wednesday,0% busy at 9 am.
Suntec City,Wednesday,22% busy at 10 am.
Suntec City,Wednesday,33% busy at 11 am.
Suntec City,Wednesday,43% busy at 12 pm.
Suntec City,Wednesday,45% busy at 1 pm.
Suntec City,Wednesday,40% busy at 2 pm.
Suntec City,Wednesday,35% busy at 3 pm.
Suntec City,Wednesday,33% busy at 4 pm.
Suntec City,Wednesday,36% busy at 5 pm.
Suntec City,Wednesday,40% busy at 6 pm.
Suntec City,Wednesday,40% busy at 7 pm.
Suntec City,Wednesday,35% busy at 8 pm.
Suntec City,Wednesday,26% busy at 9 pm.
Suntec City,Wednesday,0% busy at 10 pm.
Suntec City,Wednesday,0% busy at 11 pm.
Suntec City,Thursday,0% busy at 6 am.
Suntec City,Thursday,0% busy at 7 am.
Suntec City,Thursday,0% busy at 8 am.
Suntec City,Thursday,0% busy at 9 am.
Suntec City,Thursday,20% busy at 10 am.
Suntec City,Thursday,30% busy at 11 am.
Suntec City,Thursday,39% busy at 12 pm.
Suntec City,Thursday,42% busy at 1 pm.
Suntec City,Thursday,38% busy at 2 pm.
Suntec City,Thursday,35% busy at 3 pm.
Suntec City,Thursday,34% busy at 4 pm.
Suntec City,Thursday,36% busy at 5 pm.
Suntec City,Thursday,41% busy at 6 pm.
Suntec City,Thursday,42% busy at 7 pm.
Suntec City,Thursday,37% busy at 8 pm.
Suntec City,Thursday,28% busy at 9 pm.
Suntec City,Thursday,0% busy at 10 pm.
Suntec City,Thursday,0% busy at 11 pm.
Suntec City,Friday,0% busy at 6 am.
Suntec City,Friday,0% busy at 7 am.
Suntec City,Friday,0% busy at 8 am.
Suntec City,Friday,0% busy at 9 am.
Suntec City,Friday,21% busy at 10 am.
Suntec City,Friday,31% busy at 11 am.
Suntec City,Friday,42% busy at 12 pm.
Suntec City,Friday,47% busy at 1 pm.
Suntec City,Friday,46% busy at 2 pm.
Suntec City,Friday,44% busy at 3 pm.
Suntec City,Friday,46% busy at 4 pm.
Suntec City,Friday,51% busy at 5 pm.
Suntec City,Friday,60% busy at 6 pm.
Suntec City,Friday,65% busy at 7 pm.
Suntec City,Friday,61% busy at 8 pm.
Suntec City,Friday,49% busy at 9 pm.
Suntec City,Friday,0% busy at 10 pm.
Suntec City,Friday,0% busy at 11 pm.
Suntec City,Saturday,0% busy at 6 am.
Suntec City,Saturday,0% busy at 7 am.
Suntec City,Saturday,0% busy at 8 am.
Suntec City,Saturday,0% busy at 9 am.
Suntec City,Saturday,25% busy at 10 am.
Suntec City,Saturday,38% busy at 11 am.
Suntec City,Saturday,53% busy at 12 pm.
Suntec City,Saturday,67% busy at 1 pm.
Suntec City,Saturday,77% busy at 2 pm.
Suntec City,Saturday,86% busy at 3 pm.
Suntec City,Saturday,92% busy at 4 pm.
Suntec City,Saturday,98% busy at 5 pm.
Suntec City,Saturday,100% busy at 6 pm.
Suntec City,Saturday,95% busy at 7 pm.
Suntec City,Saturday,81% busy at 8 pm.
Suntec City,Saturday,61% busy at 9 pm.
Suntec City,Saturday,0% busy at 10 pm.
Suntec City,Saturday,0% busy at 11 pm.
ION Orchard,Sunday,0% busy at 6 am.
ION Orchard,Sunday,0% busy at 7 am.
ION Orchard,Sunday,0% busy at 8 am.
ION Orchard,Sunday,0% busy at 9 am.
ION Orchard,Sunday,39% busy at 10 am.
ION Orchard,Sunday,57% busy at 11 am.
ION Orchard,Sunday,73% busy at 12 pm.
ION Orchard,Sunday,84% busy at 1 pm.
ION Orchard,Sunday,92% busy at 2 pm.
ION Orchard,Sunday,95% busy at 3 pm.
ION Orchard,Sunday,95% busy at 4 pm.
ION Orchard,Sunday,"Currently 100% busy, usually 91% busy."
ION Orchard,Sunday,84% busy at 6 pm.
ION Orchard,Sunday,72% busy at 7 pm.
ION Orchard,Sunday,56% busy at 8 pm.
ION Orchard,Sunday,38% busy at 9 pm.
ION Orchard,Sunday,0% busy at 10 pm.
ION Orchard,Sunday,0% busy at 11 pm.
ION Orchard,Monday,0% busy at 6 am.
ION Orchard,Monday,0% busy at 7 am.
ION Orchard,Monday,0% busy at 8 am.
ION Orchard,Monday,0% busy at 9 am.
ION Orchard,Monday,24% busy at 10 am.
ION Orchard,Monday,35% busy at 11 am.
ION Orchard,Monday,46% busy at 12 pm.
ION Orchard,Monday,52% busy at 1 pm.
ION Orchard,Monday,52% busy at 2 pm.
ION Orchard,Monday,50% busy at 3 pm.
ION Orchard,Monday,50% busy at 4 pm.
ION Orchard,Monday,54% busy at 5 pm.
ION Orchard,Monday,57% busy at 6 pm.
ION Orchard,Monday,54% busy at 7 pm.
ION Orchard,Monday,45% busy at 8 pm.
ION Orchard,Monday,33% busy at 9 pm.
ION Orchard,Monday,0% busy at 10 pm.
ION Orchard,Monday,0% busy at 11 pm.
ION Orchard,Tuesday,0% busy at 6 am.
ION Orchard,Tuesday,0% busy at 7 am.
ION Orchard,Tuesday,0% busy at 8 am.
ION Orchard,Tuesday,0% busy at 9 am.
ION Orchard,Tuesday,25% busy at 10 am.
ION Orchard,Tuesday,36% busy at 11 am.
ION Orchard,Tuesday,46% busy at 12 pm.
ION Orchard,Tuesday,52% busy at 1 pm.
ION Orchard,Tuesday,51% busy at 2 pm.
ION Orchard,Tuesday,49% busy at 3 pm.
ION Orchard,Tuesday,50% busy at 4 pm.
ION Orchard,Tuesday,54% busy at 5 pm.
ION Orchard,Tuesday,59% busy at 6 pm.
ION Orchard,Tuesday,57% busy at 7 pm.
ION Orchard,Tuesday,49% busy at 8 pm.
ION Orchard,Tuesday,36% busy at 9 pm.
ION Orchard,Tuesday,0% busy at 10 pm.
ION Orchard,Tuesday,0% busy at 11 pm.
ION Orchard,Wednesday,0% busy at 6 am.
ION Orchard,Wednesday,0% busy at 7 am.
ION Orchard,Wednesday,0% busy at 8 am.
ION Orchard,Wednesday,0% busy at 9 am.
ION Orchard,Wednesday,25% busy at 10 am.
ION Orchard,Wednesday,36% busy at 11 am.
ION Orchard,Wednesday,47% busy at 12 pm.
ION Orchard,Wednesday,53% busy at 1 pm.
ION Orchard,Wednesday,52% busy at 2 pm.
ION Orchard,Wednesday,50% busy at 3 pm.
ION Orchard,Wednesday,51% busy at 4 pm.
ION Orchard,Wednesday,56% busy at 5 pm.
ION Orchard,Wednesday,62% busy at 6 pm.
ION Orchard,Wednesday,60% busy at 7 pm.
ION Orchard,Wednesday,52% busy at 8 pm.
ION Orchard,Wednesday,40% busy at 9 pm.
ION Orchard,Wednesday,0% busy at 10 pm.
ION Orchard,Wednesday,0% busy at 11 pm.
ION Orchard,Thursday,0% busy at 6 am.
ION Orchard,Thursday,0% busy at 7 am.
ION Orchard,Thursday,0% busy at 8 am.
ION Orchard,Thursday,0% busy at 9 am.
ION Orchard,Thursday,25% busy at 10 am.
ION Orchard,Thursday,37% busy at 11 am.
ION Orchard,Thursday,48% busy at 12 pm.
ION Orchard,Thursday,54% busy at 1 pm.
ION Orchard,Thursday,54% busy at 2 pm.
ION Orchard,Thursday,54% busy at 3 pm.
ION Orchard,Thursday,55% busy at 4 pm.
ION Orchard,Thursday,60% busy at 5 pm.
ION Orchard,Thursday,65% busy at 6 pm.
ION Orchard,Thursday,63% busy at 7 pm.
ION Orchard,Thursday,55% busy at 8 pm.
ION Orchard,Thursday,42% busy at 9 pm.
ION Orchard,Thursday,0% busy at 10 pm.
ION Orchard,Thursday,0% busy at 11 pm.
ION Orchard,Friday,0% busy at 6 am.
ION Orchard,Friday,0% busy at 7 am.
ION Orchard,Friday,0% busy at 8 am.
ION Orchard,Friday,0% busy at 9 am.
ION Orchard,Friday,28% busy at 10 am.
ION Orchard,Friday,41% busy at 11 am.
ION Orchard,Friday,53% busy at 12 pm.
ION Orchard,Friday,62% busy at 1 pm.
ION Orchard,Friday,64% busy at 2 pm.
ION Orchard,Friday,65% busy at 3 pm.
ION Orchard,Friday,67% busy at 4 pm.
ION Orchard,Friday,73% busy at 5 pm.
ION Orchard,Friday,78% busy at 6 pm.
ION Orchard,Friday,76% busy at 7 pm.
ION Orchard,Friday,67% busy at 8 pm.
ION Orchard,Friday,52% busy at 9 pm.
ION Orchard,Friday,0% busy at 10 pm.
ION Orchard,Friday,0% busy at 11 pm.
ION Orchard,Saturday,0% busy at 6 am.
ION Orchard,Saturday,0% busy at 7 am.
ION Orchard,Saturday,0% busy at 8 am.
ION Orchard,Saturday,0% busy at 9 am.
ION Orchard,Saturday,32% busy at 10 am.
ION Orchard,Saturday,49% busy at 11 am.
ION Orchard,Saturday,67% busy at 12 pm.
ION Orchard,Saturday,82% busy at 1 pm.
ION Orchard,Saturday,92% busy at 2 pm.
ION Orchard,Saturday,98% busy at 3 pm.
ION Orchard,Saturday,100% busy at 4 pm.
ION Orchard,Saturday,98% busy at 5 pm.
ION Orchard,Saturday,94% busy at 6 pm.
ION Orchard,Saturday,86% busy at 7 pm.
ION Orchard,Saturday,72% busy at 8 pm.
ION Orchard,Saturday,54% busy at 9 pm.
ION Orchard,Saturday,0% busy at 10 pm.
ION Orchard,Saturday,0% busy at 11 pm.
Singapore Botanic Gardens,Sunday,0% busy at 4 am.
Singapore Botanic Gardens,Sunday,7% busy at 5 am.
Singapore Botanic Gardens,Sunday,16% busy at 6 am.
Singapore Botanic Gardens,Sunday,33% busy at 7 am.
Singapore Botanic Gardens,Sunday,56% busy at 8 am.
Singapore Botanic Gardens,Sunday,78% busy at 9 am.
Singapore Botanic Gardens,Sunday,92% busy at 10 am.
Singapore Botanic Gardens,Sunday,95% busy at 11 am.
Singapore Botanic Gardens,Sunday,93% busy at 12 pm.
Singapore Botanic Gardens,Sunday,91% busy at 1 pm.
Singapore Botanic Gardens,Sunday,91% busy at 2 pm.
Singapore Botanic Gardens,Sunday,92% busy at 3 pm.
Singapore Botanic Gardens,Sunday,93% busy at 4 pm.
Singapore Botanic Gardens,Sunday,"Currently 57% busy, usually 93% busy."
Singapore Botanic Gardens,Sunday,86% busy at 6 pm.
Singapore Botanic Gardens,Sunday,68% busy at 7 pm.
Singapore Botanic Gardens,Sunday,46% busy at 8 pm.
Singapore Botanic Gardens,Sunday,29% busy at 9 pm.
Singapore Botanic Gardens,Sunday,18% busy at 10 pm.
Singapore Botanic Gardens,Sunday,12% busy at 11 pm.
Singapore Botanic Gardens,Monday,0% busy at 4 am.
Singapore Botanic Gardens,Monday,7% busy at 5 am.
Singapore Botanic Gardens,Monday,16% busy at 6 am.
Singapore Botanic Gardens,Monday,30% busy at 7 am.
Singapore Botanic Gardens,Monday,45% busy at 8 am.
Singapore Botanic Gardens,Monday,57% busy at 9 am.
Singapore Botanic Gardens,Monday,64% busy at 10 am.
Singapore Botanic Gardens,Monday,63% busy at 11 am.
Singapore Botanic Gardens,Monday,59% busy at 12 pm.
Singapore Botanic Gardens,Monday,54% busy at 1 pm.
Singapore Botanic Gardens,Monday,50% busy at 2 pm.
Singapore Botanic Gardens,Monday,47% busy at 3 pm.
Singapore Botanic Gardens,Monday,47% busy at 4 pm.
Singapore Botanic Gardens,Monday,46% busy at 5 pm.
Singapore Botanic Gardens,Monday,43% busy at 6 pm.
Singapore Botanic Gardens,Monday,34% busy at 7 pm.
Singapore Botanic Gardens,Monday,25% busy at 8 pm.
Singapore Botanic Gardens,Monday,17% busy at 9 pm.
Singapore Botanic Gardens,Monday,12% busy at 10 pm.
Singapore Botanic Gardens,Monday,9% busy at 11 pm.
Singapore Botanic Gardens,Tuesday,0% busy at 4 am.
Singapore Botanic Gardens,Tuesday,8% busy at 5 am.
Singapore Botanic Gardens,Tuesday,16% busy at 6 am.
Singapore Botanic Gardens,Tuesday,29% busy at 7 am.
Singapore Botanic Gardens,Tuesday,44% busy at 8 am.
Singapore Botanic Gardens,Tuesday,55% busy at 9 am.
Singapore Botanic Gardens,Tuesday,62% busy at 10 am.
Singapore Botanic Gardens,Tuesday,62% busy at 11 am.
Singapore Botanic Gardens,Tuesday,58% busy at 12 pm.
Singapore Botanic Gardens,Tuesday,54% busy at 1 pm.
Singapore Botanic Gardens,Tuesday,50% busy at 2 pm.
Singapore Botanic Gardens,Tuesday,49% busy at 3 pm.
Singapore Botanic Gardens,Tuesday,49% busy at 4 pm.
Singapore Botanic Gardens,Tuesday,49% busy at 5 pm.
Singapore Botanic Gardens,Tuesday,47% busy at 6 pm.
Singapore Botanic Gardens,Tuesday,39% busy at 7 pm.
Singapore Botanic Gardens,Tuesday,29% busy at 8 pm.
Singapore Botanic Gardens,Tuesday,19% busy at 9 pm.
Singapore Botanic Gardens,Tuesday,12% busy at 10 pm.
Singapore Botanic Gardens,Tuesday,8% busy at 11 pm.
Singapore Botanic Gardens,Wednesday,0% busy at 4 am.
Singapore Botanic Gardens,Wednesday,7% busy at 5 am.
Singapore Botanic Gardens,Wednesday,17% busy at 6 am.
Singapore Botanic Gardens,Wednesday,30% busy at 7 am.
Singapore Botanic Gardens,Wednesday,45% busy at 8 am.
Singapore Botanic Gardens,Wednesday,58% busy at 9 am.
Singapore Botanic Gardens,Wednesday,66% busy at 10 am.
Singapore Botanic Gardens,Wednesday,66% busy at 11 am.
Singapore Botanic Gardens,Wednesday,61% busy at 12 pm.
Singapore Botanic Gardens,Wednesday,56% busy at 1 pm.
Singapore Botanic Gardens,Wednesday,53% busy at 2 pm.
Singapore Botanic Gardens,Wednesday,52% busy at 3 pm.
Singapore Botanic Gardens,Wednesday,52% busy at 4 pm.
Singapore Botanic Gardens,Wednesday,52% busy at 5 pm.
Singapore Botanic Gardens,Wednesday,49% busy at 6 pm.
Singapore Botanic Gardens,Wednesday,40% busy at 7 pm.
Singapore Botanic Gardens,Wednesday,30% busy at 8 pm.
Singapore Botanic Gardens,Wednesday,21% busy at 9 pm.
Singapore Botanic Gardens,Wednesday,14% busy at 10 pm.
Singapore Botanic Gardens,Wednesday,10% busy at 11 pm.
Singapore Botanic Gardens,Thursday,0% busy at 4 am.
Singapore Botanic Gardens,Thursday,7% busy at 5 am.
Singapore Botanic Gardens,Thursday,16% busy at 6 am.
Singapore Botanic Gardens,Thursday,29% busy at 7 am.
Singapore Botanic Gardens,Thursday,44% busy at 8 am.
Singapore Botanic Gardens,Thursday,58% busy at 9 am.
Singapore Botanic Gardens,Thursday,66% busy at 10 am.
Singapore Botanic Gardens,Thursday,66% busy at 11 am.
Singapore Botanic Gardens,Thursday,61% busy at 12 pm.
Singapore Botanic Gardens,Thursday,58% busy at 1 pm.
Singapore Botanic Gardens,Thursday,54% busy at 2 pm.
Singapore Botanic Gardens,Thursday,53% busy at 3 pm.
Singapore Botanic Gardens,Thursday,52% busy at 4 pm.
Singapore Botanic Gardens,Thursday,53% busy at 5 pm.
Singapore Botanic Gardens,Thursday,51% busy at 6 pm.
Singapore Botanic Gardens,Thursday,43% busy at 7 pm.
Singapore Botanic Gardens,Thursday,32% busy at 8 pm.
Singapore Botanic Gardens,Thursday,22% busy at 9 pm.
Singapore Botanic Gardens,Thursday,15% busy at 10 pm.
Singapore Botanic Gardens,Thursday,9% busy at 11 pm.
Singapore Botanic Gardens,Friday,0% busy at 4 am.
Singapore Botanic Gardens,Friday,8% busy at 5 am.
Singapore Botanic Gardens,Friday,18% busy at 6 am.
Singapore Botanic Gardens,Friday,33% busy at 7 am.
Singapore Botanic Gardens,Friday,52% busy at 8 am.
Singapore Botanic Gardens,Friday,71% busy at 9 am.
Singapore Botanic Gardens,Friday,81% busy at 10 am.
Singapore Botanic Gardens,Friday,79% busy at 11 am.
Singapore Botanic Gardens,Friday,71% busy at 12 pm.
Singapore Botanic Gardens,Friday,64% busy at 1 pm.
Singapore Botanic Gardens,Friday,59% busy at 2 pm.
Singapore Botanic Gardens,Friday,56% busy at 3 pm.
Singapore Botanic Gardens,Friday,56% busy at 4 pm.
Singapore Botanic Gardens,Friday,55% busy at 5 pm.
Singapore Botanic Gardens,Friday,53% busy at 6 pm.
Singapore Botanic Gardens,Friday,46% busy at 7 pm.
Singapore Botanic Gardens,Friday,36% busy at 8 pm.
Singapore Botanic Gardens,Friday,26% busy at 9 pm.
Singapore Botanic Gardens,Friday,19% busy at 10 pm.
Singapore Botanic Gardens,Friday,13% busy at 11 pm.
Singapore Botanic Gardens,Saturday,0% busy at 4 am.
Singapore Botanic Gardens,Saturday,10% busy at 5 am.
Singapore Botanic Gardens,Saturday,25% busy at 6 am.
Singapore Botanic Gardens,Saturday,46% busy at 7 am.
Singapore Botanic Gardens,Saturday,70% busy at 8 am.
Singapore Botanic Gardens,Saturday,91% busy at 9 am.
Singapore Botanic Gardens,Saturday,100% busy at 10 am.
Singapore Botanic Gardens,Saturday,95% busy at 11 am.
Singapore Botanic Gardens,Saturday,84% busy at 12 pm.
Singapore Botanic Gardens,Saturday,73% busy at 1 pm.
Singapore Botanic Gardens,Saturday,69% busy at 2 pm.
Singapore Botanic Gardens,Saturday,71% busy at 3 pm.
Singapore Botanic Gardens,Saturday,80% busy at 4 pm.
Singapore Botanic Gardens,Saturday,88% busy at 5 pm.
Singapore Botanic Gardens,Saturday,85% busy at 6 pm.
Singapore Botanic Gardens,Saturday,69% busy at 7 pm.
Singapore Botanic Gardens,Saturday,46% busy at 8 pm.
Singapore Botanic Gardens,Saturday,30% busy at 9 pm.
Singapore Botanic Gardens,Saturday,19% busy at 10 pm.
Singapore Botanic Gardens,Saturday,13% busy at 11 pm.
MUSEUM OF ICE CREAM SINGAPORE,Sunday,0% busy at 6 am.
MUSEUM OF ICE CREAM SINGAPORE,Sunday,0% busy at 7 am.
MUSEUM OF ICE CREAM SINGAPORE,Sunday,0% busy at 8 am.
MUSEUM OF ICE CREAM SINGAPORE,Sunday,0% busy at 9 am.
MUSEUM OF ICE CREAM SINGAPORE,Sunday,59% busy at 10 am.
MUSEUM OF ICE CREAM SINGAPORE,Sunday,75% busy at 11 am.
MUSEUM OF ICE CREAM SINGAPORE,Sunday,87% busy at 12 pm.
MUSEUM OF ICE CREAM SINGAPORE,Sunday,90% busy at 1 pm.
MUSEUM OF ICE CREAM SINGAPORE,Sunday,92% busy at 2 pm.
MUSEUM OF ICE CREAM SINGAPORE,Sunday,89% busy at 3 pm.
MUSEUM OF ICE CREAM SINGAPORE,Sunday,79% busy at 4 pm.
MUSEUM OF ICE CREAM SINGAPORE,Sunday,"Currently 52% busy, usually 64% busy."
MUSEUM OF ICE CREAM SINGAPORE,Sunday,45% busy at 6 pm.
MUSEUM OF ICE CREAM SINGAPORE,Sunday,0% busy at 7 pm.
MUSEUM OF ICE CREAM SINGAPORE,Sunday,0% busy at 8 pm.
MUSEUM OF ICE CREAM SINGAPORE,Sunday,0% busy at 9 pm.
MUSEUM OF ICE CREAM SINGAPORE,Sunday,0% busy at 10 pm.
MUSEUM OF ICE CREAM SINGAPORE,Sunday,0% busy at 11 pm.
MUSEUM OF ICE CREAM SINGAPORE,Monday,0% busy at 6 am.
MUSEUM OF ICE CREAM SINGAPORE,Monday,0% busy at 7 am.
MUSEUM OF ICE CREAM SINGAPORE,Monday,0% busy at 8 am.
MUSEUM OF ICE CREAM SINGAPORE,Monday,0% busy at 9 am.
MUSEUM OF ICE CREAM SINGAPORE,Monday,35% busy at 10 am.
MUSEUM OF ICE CREAM SINGAPORE,Monday,50% busy at 11 am.
MUSEUM OF ICE CREAM SINGAPORE,Monday,60% busy at 12 pm.
MUSEUM OF ICE CREAM SINGAPORE,Monday,62% busy at 1 pm.
MUSEUM OF ICE CREAM SINGAPORE,Monday,62% busy at 2 pm.
MUSEUM OF ICE CREAM SINGAPORE,Monday,57% busy at 3 pm.
MUSEUM OF ICE CREAM SINGAPORE,Monday,47% busy at 4 pm.
MUSEUM OF ICE CREAM SINGAPORE,Monday,36% busy at 5 pm.
MUSEUM OF ICE CREAM SINGAPORE,Monday,0% busy at 6 pm.
MUSEUM OF ICE CREAM SINGAPORE,Monday,0% busy at 7 pm.
MUSEUM OF ICE CREAM SINGAPORE,Monday,0% busy at 8 pm.
MUSEUM OF ICE CREAM SINGAPORE,Monday,0% busy at 9 pm.
MUSEUM OF ICE CREAM SINGAPORE,Monday,0% busy at 10 pm.
MUSEUM OF ICE CREAM SINGAPORE,Monday,0% busy at 11 pm.
MUSEUM OF ICE CREAM SINGAPORE,Tuesday,0% busy at 6 am.
MUSEUM OF ICE CREAM SINGAPORE,Tuesday,0% busy at 7 am.
MUSEUM OF ICE CREAM SINGAPORE,Tuesday,0% busy at 8 am.
MUSEUM OF ICE CREAM SINGAPORE,Tuesday,0% busy at 9 am.
MUSEUM OF ICE CREAM SINGAPORE,Tuesday,44% busy at 10 am.
MUSEUM OF ICE CREAM SINGAPORE,Tuesday,60% busy at 11 am.
MUSEUM OF ICE CREAM SINGAPORE,Tuesday,70% busy at 12 pm.
MUSEUM OF ICE CREAM SINGAPORE,Tuesday,73% busy at 1 pm.
MUSEUM OF ICE CREAM SINGAPORE,Tuesday,74% busy at 2 pm.
MUSEUM OF ICE CREAM SINGAPORE,Tuesday,71% busy at 3 pm.
MUSEUM OF ICE CREAM SINGAPORE,Tuesday,57% busy at 4 pm.
MUSEUM OF ICE CREAM SINGAPORE,Tuesday,46% busy at 5 pm.
MUSEUM OF ICE CREAM SINGAPORE,Tuesday,0% busy at 6 pm.
MUSEUM OF ICE CREAM SINGAPORE,Tuesday,0% busy at 7 pm.
MUSEUM OF ICE CREAM SINGAPORE,Tuesday,0% busy at 8 pm.
MUSEUM OF ICE CREAM SINGAPORE,Tuesday,0% busy at 9 pm.
MUSEUM OF ICE CREAM SINGAPORE,Tuesday,0% busy at 10 pm.
MUSEUM OF ICE CREAM SINGAPORE,Tuesday,0% busy at 11 pm.
MUSEUM OF ICE CREAM SINGAPORE,Wednesday,0% busy at 6 am.
MUSEUM OF ICE CREAM SINGAPORE,Wednesday,0% busy at 7 am.
MUSEUM OF ICE CREAM SINGAPORE,Wednesday,0% busy at 8 am.
MUSEUM OF ICE CREAM SINGAPORE,Wednesday,0% busy at 9 am.
MUSEUM OF ICE CREAM SINGAPORE,Wednesday,33% busy at 10 am.
MUSEUM OF ICE CREAM SINGAPORE,Wednesday,44% busy at 11 am.
MUSEUM OF ICE CREAM SINGAPORE,Wednesday,50% busy at 12 pm.
MUSEUM OF ICE CREAM SINGAPORE,Wednesday,57% busy at 1 pm.
MUSEUM OF ICE CREAM SINGAPORE,Wednesday,65% busy at 2 pm.
MUSEUM OF ICE CREAM SINGAPORE,Wednesday,70% busy at 3 pm.
MUSEUM OF ICE CREAM SINGAPORE,Wednesday,67% busy at 4 pm.
MUSEUM OF ICE CREAM SINGAPORE,Wednesday,63% busy at 5 pm.
MUSEUM OF ICE CREAM SINGAPORE,Wednesday,54% busy at 6 pm.
MUSEUM OF ICE CREAM SINGAPORE,Wednesday,0% busy at 7 pm.
MUSEUM OF ICE CREAM SINGAPORE,Wednesday,0% busy at 8 pm.
MUSEUM OF ICE CREAM SINGAPORE,Wednesday,0% busy at 9 pm.
MUSEUM OF ICE CREAM SINGAPORE,Wednesday,0% busy at 10 pm.
MUSEUM OF ICE CREAM SINGAPORE,Wednesday,0% busy at 11 pm.
MUSEUM OF ICE CREAM SINGAPORE,Thursday,0% busy at 6 am.
MUSEUM OF ICE CREAM SINGAPORE,Thursday,0% busy at 7 am.
MUSEUM OF ICE CREAM SINGAPORE,Thursday,0% busy at 8 am.
MUSEUM OF ICE CREAM SINGAPORE,Thursday,0% busy at 9 am.
MUSEUM OF ICE CREAM SINGAPORE,Thursday,45% busy at 10 am.
MUSEUM OF ICE CREAM SINGAPORE,Thursday,61% busy at 11 am.
MUSEUM OF ICE CREAM SINGAPORE,Thursday,70% busy at 12 pm.
MUSEUM OF ICE CREAM SINGAPORE,Thursday,74% busy at 1 pm.
MUSEUM OF ICE CREAM SINGAPORE,Thursday,77% busy at 2 pm.
MUSEUM OF ICE CREAM SINGAPORE,Thursday,77% busy at 3 pm.
MUSEUM OF ICE CREAM SINGAPORE,Thursday,73% busy at 4 pm.
MUSEUM OF ICE CREAM SINGAPORE,Thursday,67% busy at 5 pm.
MUSEUM OF ICE CREAM SINGAPORE,Thursday,57% busy at 6 pm.
MUSEUM OF ICE CREAM SINGAPORE,Thursday,0% busy at 7 pm.
MUSEUM OF ICE CREAM SINGAPORE,Thursday,0% busy at 8 pm.
MUSEUM OF ICE CREAM SINGAPORE,Thursday,0% busy at 9 pm.
MUSEUM OF ICE CREAM SINGAPORE,Thursday,0% busy at 10 pm.
MUSEUM OF ICE CREAM SINGAPORE,Thursday,0% busy at 11 pm.
MUSEUM OF ICE CREAM SINGAPORE,Friday,0% busy at 6 am.
MUSEUM OF ICE CREAM SINGAPORE,Friday,0% busy at 7 am.
MUSEUM OF ICE CREAM SINGAPORE,Friday,0% busy at 8 am.
MUSEUM OF ICE CREAM SINGAPORE,Friday,0% busy at 9 am.
MUSEUM OF ICE CREAM SINGAPORE,Friday,60% busy at 10 am.
MUSEUM OF ICE CREAM SINGAPORE,Friday,77% busy at 11 am.
MUSEUM OF ICE CREAM SINGAPORE,Friday,88% busy at 12 pm.
MUSEUM OF ICE CREAM SINGAPORE,Friday,93% busy at 1 pm.
MUSEUM OF ICE CREAM SINGAPORE,Friday,98% busy at 2 pm.
MUSEUM OF ICE CREAM SINGAPORE,Friday,100% busy at 3 pm.
MUSEUM OF ICE CREAM SINGAPORE,Friday,97% busy at 4 pm.
MUSEUM OF ICE CREAM SINGAPORE,Friday,85% busy at 5 pm.
MUSEUM OF ICE CREAM SINGAPORE,Friday,70% busy at 6 pm.
MUSEUM OF ICE CREAM SINGAPORE,Friday,0% busy at 7 pm.
MUSEUM OF ICE CREAM SINGAPORE,Friday,0% busy at 8 pm.
MUSEUM OF ICE CREAM SINGAPORE,Friday,0% busy at 9 pm.
MUSEUM OF ICE CREAM SINGAPORE,Friday,0% busy at 10 pm.
MUSEUM OF ICE CREAM SINGAPORE,Friday,0% busy at 11 pm.
Jewel Changi Airport,Sunday,12% busy at 4 am.
Jewel Changi Airport,Sunday,16% busy at 5 am.
Jewel Changi Airport,Sunday,20% busy at 6 am.
Jewel Changi Airport,Sunday,25% busy at 7 am.
Jewel Changi Airport,Sunday,30% busy at 8 am.
Jewel Changi Airport,Sunday,36% busy at 9 am.
Jewel Changi Airport,Sunday,44% busy at 10 am.
Jewel Changi Airport,Sunday,55% busy at 11 am.
Jewel Changi Airport,Sunday,67% busy at 12 pm.
Jewel Changi Airport,Sunday,76% busy at 1 pm.
Jewel Changi Airport,Sunday,81% busy at 2 pm.
Jewel Changi Airport,Sunday,83% busy at 3 pm.
Jewel Changi Airport,Sunday,84% busy at 4 pm.
Jewel Changi Airport,Sunday,"Currently 81% busy, usually 87% busy."
Jewel Changi Airport,Sunday,90% busy at 6 pm.
Jewel Changi Airport,Sunday,89% busy at 7 pm.
Jewel Changi Airport,Sunday,80% busy at 8 pm.
Jewel Changi Airport,Sunday,68% busy at 9 pm.
Jewel Changi Airport,Sunday,56% busy at 10 pm.
Jewel Changi Airport,Sunday,46% busy at 11 pm.
Jewel Changi Airport,Sunday,31% busy at 12 am.
Jewel Changi Airport,Sunday,20% busy at 1 am.
Jewel Changi Airport,Sunday,13% busy at 2 am.
Jewel Changi Airport,Sunday,11% busy at 3 am.
Jewel Changi Airport,Monday,12% busy at 4 am.
Jewel Changi Airport,Monday,16% busy at 5 am.
Jewel Changi Airport,Monday,21% busy at 6 am.
Jewel Changi Airport,Monday,26% busy at 7 am.
Jewel Changi Airport,Monday,29% busy at 8 am.
Jewel Changi Airport,Monday,32% busy at 9 am.
Jewel Changi Airport,Monday,36% busy at 10 am.
Jewel Changi Airport,Monday,43% busy at 11 am.
Jewel Changi Airport,Monday,50% busy at 12 pm.
Jewel Changi Airport,Monday,54% busy at 1 pm.
Jewel Changi Airport,Monday,55% busy at 2 pm.
Jewel Changi Airport,Monday,54% busy at 3 pm.
Jewel Changi Airport,Monday,55% busy at 4 pm.
Jewel Changi Airport,Monday,56% busy at 5 pm.
Jewel Changi Airport,Monday,60% busy at 6 pm.
Jewel Changi Airport,Monday,62% busy at 7 pm.
Jewel Changi Airport,Monday,61% busy at 8 pm.
Jewel Changi Airport,Monday,57% busy at 9 pm.
Jewel Changi Airport,Monday,52% busy at 10 pm.
Jewel Changi Airport,Monday,45% busy at 11 pm.
Jewel Changi Airport,Monday,30% busy at 12 am.
Jewel Changi Airport,Monday,19% busy at 1 am.
Jewel Changi Airport,Monday,12% busy at 2 am.
Jewel Changi Airport,Monday,10% busy at 3 am.
Jewel Changi Airport,Tuesday,11% busy at 4 am.
Jewel Changi Airport,Tuesday,15% busy at 5 am.
Jewel Changi Airport,Tuesday,19% busy at 6 am.
Jewel Changi Airport,Tuesday,23% busy at 7 am.
Jewel Changi Airport,Tuesday,26% busy at 8 am.
Jewel Changi Airport,Tuesday,30% busy at 9 am.
Jewel Changi Airport,Tuesday,35% busy at 10 am.
Jewel Changi Airport,Tuesday,41% busy at 11 am.
Jewel Changi Airport,Tuesday,48% busy at 12 pm.
Jewel Changi Airport,Tuesday,52% busy at 1 pm.
Jewel Changi Airport,Tuesday,54% busy at 2 pm.
Jewel Changi Airport,Tuesday,54% busy at 3 pm.
Jewel Changi Airport,Tuesday,54% busy at 4 pm.
Jewel Changi Airport,Tuesday,56% busy at 5 pm.
Jewel Changi Airport,Tuesday,59% busy at 6 pm.
Jewel Changi Airport,Tuesday,60% busy at 7 pm.
Jewel Changi Airport,Tuesday,60% busy at 8 pm.
Jewel Changi Airport,Tuesday,56% busy at 9 pm.
Jewel Changi Airport,Tuesday,50% busy at 10 pm.
Jewel Changi Airport,Tuesday,43% busy at 11 pm.
Jewel Changi Airport,Tuesday,29% busy at 12 am.
Jewel Changi Airport,Tuesday,18% busy at 1 am.
Jewel Changi Airport,Tuesday,12% busy at 2 am.
Jewel Changi Airport,Tuesday,10% busy at 3 am.
Jewel Changi Airport,Wednesday,12% busy at 4 am.
Jewel Changi Airport,Wednesday,16% busy at 5 am.
Jewel Changi Airport,Wednesday,21% busy at 6 am.
Jewel Changi Airport,Wednesday,25% busy at 7 am.
Jewel Changi Airport,Wednesday,27% busy at 8 am.
Jewel Changi Airport,Wednesday,30% busy at 9 am.
Jewel Changi Airport,Wednesday,35% busy at 10 am.
Jewel Changi Airport,Wednesday,42% busy at 11 am.
Jewel Changi Airport,Wednesday,50% busy at 12 pm.
Jewel Changi Airport,Wednesday,55% busy at 1 pm.
Jewel Changi Airport,Wednesday,56% busy at 2 pm.
Jewel Changi Airport,Wednesday,55% busy at 3 pm.
Jewel Changi Airport,Wednesday,55% busy at 4 pm.
Jewel Changi Airport,Wednesday,57% busy at 5 pm.
Jewel Changi Airport,Wednesday,61% busy at 6 pm.
Jewel Changi Airport,Wednesday,64% busy at 7 pm.
Jewel Changi Airport,Wednesday,62% busy at 8 pm.
Jewel Changi Airport,Wednesday,58% busy at 9 pm.
Jewel Changi Airport,Wednesday,51% busy at 10 pm.
Jewel Changi Airport,Wednesday,44% busy at 11 pm.
Jewel Changi Airport,Wednesday,30% busy at 12 am.
Jewel Changi Airport,Wednesday,18% busy at 1 am.
Jewel Changi Airport,Wednesday,11% busy at 2 am.
Jewel Changi Airport,Wednesday,10% busy at 3 am.
Jewel Changi Airport,Thursday,13% busy at 4 am.
Jewel Changi Airport,Thursday,17% busy at 5 am.
Jewel Changi Airport,Thursday,22% busy at 6 am.
Jewel Changi Airport,Thursday,26% busy at 7 am.
Jewel Changi Airport,Thursday,29% busy at 8 am.
Jewel Changi Airport,Thursday,32% busy at 9 am.
Jewel Changi Airport,Thursday,37% busy at 10 am.
Jewel Changi Airport,Thursday,44% busy at 11 am.
Jewel Changi Airport,Thursday,51% busy at 12 pm.
Jewel Changi Airport,Thursday,56% busy at 1 pm.
Jewel Changi Airport,Thursday,57% busy at 2 pm.
Jewel Changi Airport,Thursday,57% busy at 3 pm.
Jewel Changi Airport,Thursday,58% busy at 4 pm.
Jewel Changi Airport,Thursday,60% busy at 5 pm.
Jewel Changi Airport,Thursday,65% busy at 6 pm.
Jewel Changi Airport,Thursday,67% busy at 7 pm.
Jewel Changi Airport,Thursday,65% busy at 8 pm.
Jewel Changi Airport,Thursday,61% busy at 9 pm.
Jewel Changi Airport,Thursday,55% busy at 10 pm.
Jewel Changi Airport,Thursday,47% busy at 11 pm.
Jewel Changi Airport,Thursday,32% busy at 12 am.
Jewel Changi Airport,Thursday,20% busy at 1 am.
Jewel Changi Airport,Thursday,12% busy at 2 am.
Jewel Changi Airport,Thursday,11% busy at 3 am.
Jewel Changi Airport,Friday,13% busy at 4 am.
Jewel Changi Airport,Friday,17% busy at 5 am.
Jewel Changi Airport,Friday,22% busy at 6 am.
Jewel Changi Airport,Friday,27% busy at 7 am.
Jewel Changi Airport,Friday,31% busy at 8 am.
Jewel Changi Airport,Friday,35% busy at 9 am.
Jewel Changi Airport,Friday,41% busy at 10 am.
Jewel Changi Airport,Friday,49% busy at 11 am.
Jewel Changi Airport,Friday,57% busy at 12 pm.
Jewel Changi Airport,Friday,63% busy at 1 pm.
Jewel Changi Airport,Friday,65% busy at 2 pm.
Jewel Changi Airport,Friday,64% busy at 3 pm.
Jewel Changi Airport,Friday,65% busy at 4 pm.
Jewel Changi Airport,Friday,71% busy at 5 pm.
Jewel Changi Airport,Friday,80% busy at 6 pm.
Jewel Changi Airport,Friday,88% busy at 7 pm.
Jewel Changi Airport,Friday,87% busy at 8 pm.
Jewel Changi Airport,Friday,79% busy at 9 pm.
Jewel Changi Airport,Friday,68% busy at 10 pm.
Jewel Changi Airport,Friday,55% busy at 11 pm.
Jewel Changi Airport,Friday,37% busy at 12 am.
Jewel Changi Airport,Friday,23% busy at 1 am.
Jewel Changi Airport,Friday,14% busy at 2 am.
Jewel Changi Airport,Friday,11% busy at 3 am.
Jewel Changi Airport,Saturday,14% busy at 4 am.
Jewel Changi Airport,Saturday,19% busy at 5 am.
Jewel Changi Airport,Saturday,24% busy at 6 am.
Jewel Changi Airport,Saturday,28% busy at 7 am.
Jewel Changi Airport,Saturday,32% busy at 8 am.
Jewel Changi Airport,Saturday,36% busy at 9 am.
Jewel Changi Airport,Saturday,41% busy at 10 am.
Jewel Changi Airport,Saturday,49% busy at 11 am.
Jewel Changi Airport,Saturday,57% busy at 12 pm.
Jewel Changi Airport,Saturday,64% busy at 1 pm.
Jewel Changi Airport,Saturday,69% busy at 2 pm.
Jewel Changi Airport,Saturday,72% busy at 3 pm.
Jewel Changi Airport,Saturday,77% busy at 4 pm.
Jewel Changi Airport,Saturday,85% busy at 5 pm.
Jewel Changi Airport,Saturday,95% busy at 6 pm.
Jewel Changi Airport,Saturday,100% busy at 7 pm.
Jewel Changi Airport,Saturday,96% busy at 8 pm.
Jewel Changi Airport,Saturday,85% busy at 9 pm.
Jewel Changi Airport,Saturday,69% busy at 10 pm.
Jewel Changi Airport,Saturday,53% busy at 11 pm.
Jewel Changi Airport,Saturday,34% busy at 12 am.
Jewel Changi Airport,Saturday,21% busy at 1 am.
Jewel Changi Airport,Saturday,14% busy at 2 am.
Jewel Changi Airport,Saturday,12% busy at 3 am.
Bukit Gombak Hill,Sunday,0% busy at 4 am.
Bukit Gombak Hill,Sunday,5% busy at 5 am.
Bukit Gombak Hill,Sunday,16% busy at 6 am.
Bukit Gombak Hill,Sunday,11% busy at 7 am.
Bukit Gombak Hill,Sunday,11% busy at 8 am.
Bukit Gombak Hill,Sunday,22% busy at 9 am.
Bukit Gombak Hill,Sunday,11% busy at 10 am.
Bukit Gombak Hill,Sunday,5% busy at 11 am.
Bukit Gombak Hill,Sunday,0% busy at 12 pm.
Bukit Gombak Hill,Sunday,0% busy at 1 pm.
Bukit Gombak Hill,Sunday,0% busy at 2 pm.
Bukit Gombak Hill,Sunday,5% busy at 3 pm.
Bukit Gombak Hill,Sunday,16% busy at 4 pm.
Bukit Gombak Hill,Sunday,"Currently 100% busy, usually 33% busy."
Bukit Gombak Hill,Sunday,50% busy at 6 pm.
Bukit Gombak Hill,Sunday,66% busy at 7 pm.
Bukit Gombak Hill,Sunday,61% busy at 8 pm.
Bukit Gombak Hill,Sunday,27% busy at 9 pm.
Bukit Gombak Hill,Sunday,5% busy at 10 pm.
Bukit Gombak Hill,Sunday,5% busy at 11 pm.
Bukit Gombak Hill,Sunday,11% busy at 12 am.
Bukit Gombak Hill,Sunday,5% busy at 1 am.
Bukit Gombak Hill,Sunday,0% busy at 2 am.
Bukit Gombak Hill,Sunday,0% busy at 3 am.
Bukit Gombak Hill,Monday,5% busy at 4 am.
Bukit Gombak Hill,Monday,5% busy at 5 am.
Bukit Gombak Hill,Monday,5% busy at 6 am.
Bukit Gombak Hill,Monday,5% busy at 7 am.
Bukit Gombak Hill,Monday,0% busy at 8 am.
Bukit Gombak Hill,Monday,0% busy at 9 am.
Bukit Gombak Hill,Monday,0% busy at 10 am.
Bukit Gombak Hill,Monday,0% busy at 11 am.
Bukit Gombak Hill,Monday,5% busy at 12 pm.
Bukit Gombak Hill,Monday,11% busy at 1 pm.
Bukit Gombak Hill,Monday,27% busy at 2 pm.
Bukit Gombak Hill,Monday,11% busy at 3 pm.
Bukit Gombak Hill,Monday,5% busy at 4 pm.
Bukit Gombak Hill,Monday,0% busy at 5 pm.
Bukit Gombak Hill,Monday,0% busy at 6 pm.
Bukit Gombak Hill,Monday,5% busy at 7 pm.
Bukit Gombak Hill,Monday,0% busy at 8 pm.
Bukit Gombak Hill,Monday,0% busy at 9 pm.
Bukit Gombak Hill,Monday,0% busy at 10 pm.
Bukit Gombak Hill,Monday,0% busy at 11 pm.
Bukit Gombak Hill,Monday,5% busy at 12 am.
Bukit Gombak Hill,Monday,16% busy at 1 am.
Bukit Gombak Hill,Monday,33% busy at 2 am.
Bukit Gombak Hill,Monday,16% busy at 3 am.
Bukit Gombak Hill,Tuesday,27% busy at 4 am.
Bukit Gombak Hill,Tuesday,16% busy at 5 am.
Bukit Gombak Hill,Tuesday,22% busy at 6 am.
Bukit Gombak Hill,Tuesday,38% busy at 7 am.
Bukit Gombak Hill,Tuesday,50% busy at 8 am.
Bukit Gombak Hill,Tuesday,22% busy at 9 am.
Bukit Gombak Hill,Tuesday,11% busy at 10 am.
Bukit Gombak Hill,Tuesday,16% busy at 11 am.
Bukit Gombak Hill,Tuesday,44% busy at 12 pm.
Bukit Gombak Hill,Tuesday,38% busy at 1 pm.
Bukit Gombak Hill,Tuesday,61% busy at 2 pm.
Bukit Gombak Hill,Tuesday,50% busy at 3 pm.
Bukit Gombak Hill,Tuesday,22% busy at 4 pm.
Bukit Gombak Hill,Tuesday,5% busy at 5 pm.
Bukit Gombak Hill,Tuesday,0% busy at 6 pm.
Bukit Gombak Hill,Tuesday,0% busy at 7 pm.
Bukit Gombak Hill,Tuesday,0% busy at 8 pm.
Bukit Gombak Hill,Tuesday,0% busy at 9 pm.
Bukit Gombak Hill,Tuesday,5% busy at 10 pm.
Bukit Gombak Hill,Tuesday,11% busy at 11 pm.
Bukit Gombak Hill,Tuesday,27% busy at 12 am.
Bukit Gombak Hill,Tuesday,11% busy at 1 am.
Bukit Gombak Hill,Tuesday,11% busy at 2 am.
Bukit Gombak Hill,Tuesday,11% busy at 3 am.
Bukit Gombak Hill,Wednesday,16% busy at 4 am.
Bukit Gombak Hill,Wednesday,33% busy at 5 am.
Bukit Gombak Hill,Wednesday,16% busy at 6 am.
Bukit Gombak Hill,Wednesday,22% busy at 7 am.
Bukit Gombak Hill,Wednesday,44% busy at 8 am.
Bukit Gombak Hill,Wednesday,61% busy at 9 am.
Bukit Gombak Hill,Wednesday,27% busy at 10 am.
Bukit Gombak Hill,Wednesday,16% busy at 11 am.
Bukit Gombak Hill,Wednesday,11% busy at 12 pm.
Bukit Gombak Hill,Wednesday,27% busy at 1 pm.
Bukit Gombak Hill,Wednesday,22% busy at 2 pm.
Bukit Gombak Hill,Wednesday,33% busy at 3 pm.
Bukit Gombak Hill,Wednesday,11% busy at 4 pm.
Bukit Gombak Hill,Wednesday,5% busy at 5 pm.
Bukit Gombak Hill,Wednesday,0% busy at 6 pm.
Bukit Gombak Hill,Wednesday,0% busy at 7 pm.
Bukit Gombak Hill,Wednesday,0% busy at 8 pm.
Bukit Gombak Hill,Wednesday,5% busy at 9 pm.
Bukit Gombak Hill,Wednesday,33% busy at 10 pm.
Bukit Gombak Hill,Wednesday,72% busy at 11 pm.
Bukit Gombak Hill,Wednesday,100% busy at 12 am.
Bukit Gombak Hill,Wednesday,55% busy at 1 am.
Bukit Gombak Hill,Wednesday,22% busy at 2 am.
Bukit Gombak Hill,Wednesday,5% busy at 3 am.
Bukit Gombak Hill,Thursday,5% busy at 4 am.
Bukit Gombak Hill,Thursday,11% busy at 5 am.
Bukit Gombak Hill,Thursday,16% busy at 6 am.
Bukit Gombak Hill,Thursday,27% busy at 7 am.
Bukit Gombak Hill,Thursday,38% busy at 8 am.
Bukit Gombak Hill,Thursday,16% busy at 9 am.
Bukit Gombak Hill,Thursday,5% busy at 10 am.
Bukit Gombak Hill,Thursday,0% busy at 11 am.
Bukit Gombak Hill,Thursday,0% busy at 12 pm.
Bukit Gombak Hill,Thursday,0% busy at 1 pm.
Bukit Gombak Hill,Thursday,0% busy at 2 pm.
Bukit Gombak Hill,Thursday,0% busy at 3 pm.
Bukit Gombak Hill,Thursday,11% busy at 4 pm.
Bukit Gombak Hill,Thursday,33% busy at 5 pm.
Bukit Gombak Hill,Thursday,72% busy at 6 pm.
Bukit Gombak Hill,Thursday,55% busy at 7 pm.
Bukit Gombak Hill,Thursday,22% busy at 8 pm.
Bukit Gombak Hill,Thursday,5% busy at 9 pm.
Bukit Gombak Hill,Thursday,5% busy at 10 pm.
Bukit Gombak Hill,Thursday,16% busy at 11 pm.
Bukit Gombak Hill,Thursday,44% busy at 12 am.
Bukit Gombak Hill,Thursday,27% busy at 1 am.
Bukit Gombak Hill,Thursday,11% busy at 2 am.
Bukit Gombak Hill,Thursday,0% busy at 3 am.
Bukit Gombak Hill,Friday,44% busy at 4 am.
Bukit Gombak Hill,Friday,61% busy at 5 am.
Bukit Gombak Hill,Friday,44% busy at 6 am.
Bukit Gombak Hill,Friday,50% busy at 7 am.
Bukit Gombak Hill,Friday,66% busy at 8 am.
Bukit Gombak Hill,Friday,33% busy at 9 am.
Bukit Gombak Hill,Friday,27% busy at 10 am.
Bukit Gombak Hill,Friday,16% busy at 11 am.
Bukit Gombak Hill,Friday,27% busy at 12 pm.
Bukit Gombak Hill,Friday,11% busy at 1 pm.
Bukit Gombak Hill,Friday,5% busy at 2 pm.
Bukit Gombak Hill,Friday,5% busy at 3 pm.
Bukit Gombak Hill,Friday,22% busy at 4 pm.
Bukit Gombak Hill,Friday,50% busy at 5 pm.
Bukit Gombak Hill,Friday,50% busy at 6 pm.
Bukit Gombak Hill,Friday,27% busy at 7 pm.
Bukit Gombak Hill,Friday,22% busy at 8 pm.
Bukit Gombak Hill,Friday,22% busy at 9 pm.
Bukit Gombak Hill,Friday,22% busy at 10 pm.
Bukit Gombak Hill,Friday,5% busy at 11 pm.
Bukit Gombak Hill,Friday,0% busy at 12 am.
Bukit Gombak Hill,Friday,5% busy at 1 am.
Bukit Gombak Hill,Friday,16% busy at 2 am.
Bukit Gombak Hill,Friday,22% busy at 3 am.
Bukit Gombak Hill,Saturday,11% busy at 4 am.
Bukit Gombak Hill,Saturday,22% busy at 5 am.
Bukit Gombak Hill,Saturday,27% busy at 6 am.
Bukit Gombak Hill,Saturday,11% busy at 7 am.
Bukit Gombak Hill,Saturday,5% busy at 8 am.
Bukit Gombak Hill,Saturday,0% busy at 9 am.
Bukit Gombak Hill,Saturday,0% busy at 10 am.
Bukit Gombak Hill,Saturday,0% busy at 11 am.
Bukit Gombak Hill,Saturday,11% busy at 12 pm.
Bukit Gombak Hill,Saturday,16% busy at 1 pm.
Bukit Gombak Hill,Saturday,22% busy at 2 pm.
Bukit Gombak Hill,Saturday,11% busy at 3 pm.
Bukit Gombak Hill,Saturday,11% busy at 4 pm.
Bukit Gombak Hill,Saturday,5% busy at 5 pm.
Bukit Gombak Hill,Saturday,5% busy at 6 pm.
Bukit Gombak Hill,Saturday,16% busy at 7 pm.
Bukit Gombak Hill,Saturday,38% busy at 8 pm.
Bukit Gombak Hill,Saturday,33% busy at 9 pm.
Bukit Gombak Hill,Saturday,27% busy at 10 pm.
Bukit Gombak Hill,Saturday,16% busy at 11 pm.
Bukit Gombak Hill,Saturday,22% busy at 12 am.
Bukit Gombak Hill,Saturday,5% busy at 1 am.
Bukit Gombak Hill,Saturday,0% busy at 2 am.
Bukit Gombak Hill,Saturday,0% busy at 3 am.
